{"stats":{"minecraft:used":{"minecraft:item_frame":3,"minecraft:bedrock":7563,"pipez:universal_pipe":1,"thermal:energy_cell":1,"mekanism:enrichment_chamber":2,"uncrafter:advanced_uncrafter":1,"minecraft:dispenser":2,"mekanism:ultimate_universal_cable":1,"mekanism:creative_fluid_tank":4,"constructionwand:infinity_wand":187,"mekanism:metallurgic_infuser":1,"thermal:machine_chiller":2,"minecraft:white_concrete":485,"mekanism:osmium_compressor":1,"thermal:machine_bottler":1,"create:creative_motor":5},"minecraft:dropped":{"minecraft:ice":1},"minecraft:custom":{"minecraft:time_since_rest":11921,"minecraft:crouch_one_cm":262,"minecraft:sprint_one_cm":2035,"minecraft:play_time":11921,"minecraft:walk_one_cm":9512,"minecraft:sneak_time":733,"minecraft:drop":1,"minecraft:jump":13,"minecraft:use_wand":7967,"minecraft:leave_game":5,"minecraft:time_since_death":11921,"minecraft:total_world_time":19431,"minecraft:fly_one_cm":26392},"minecraft:picked_up":{"minecraft:ice":1}},"DataVersion":2975}