{
  "biomesoplenty:biomesoplenty/root": {
    "criteria": {
      "spider_nest": "2023-07-28 18:32:58 +0200"
    },
    "done": true
  },
  "tconstruct:tools/materials_and_you": {
    "criteria": {
      "crafted_book": "2023-07-29 19:35:03 +0200"
    },
    "done": true
  },
  "tconstruct:internal/starting_book": {
    "criteria": {
      "tick": "2023-07-29 19:35:03 +0200"
    },
    "done": true
  },
  "create:root": {
    "criteria": {
      "0": "2023-07-28 18:42:34 +0200"
    },
    "done": true
  },
  "biomesoplenty:biomesoplenty/all_biomes": {
    "criteria": {
      "highland": "2023-07-29 19:37:14 +0200",
      "field": "2023-07-29 19:37:37 +0200",
      "spider_nest": "2023-07-28 18:32:58 +0200"
    },
    "done": false
  },
  "exmachinis:root": {
    "criteria": {
      "tick": "2023-07-29 19:35:03 +0200"
    },
    "done": true
  },
  "DataVersion": 2975
}