{"stats":{"minecraft:picked_up":{"thermal:machine_chiller":1,"minecraft:ice":1,"minecraft:oak_log":10,"thermal:glowstone_bucket":1,"pipez:universal_pipe":1,"mekanism:enrichment_chamber":1,"minecraft:item_frame":1,"minecraft:apple":2,"thermal:machine_bottler":1,"mekanism:creative_fluid_tank":1,"minecraft:sugar_cane":3,"minecraft:stick":2,"mekanism:metallurgic_infuser":1,"minecraft:copper_ingot":2,"ae2wtlib:infinity_booster_card":1,"minecraft:dropper":1,"minecraft:sand":1,"mekanism:ultimate_universal_cable":1,"create:creative_motor":2,"minecraft:dispenser":1,"thermal:electrum_ingot":5,"mekanism:osmium_compressor":1,"thermal:energy_cell":1,"minecraft:oak_sapling":4},"minecraft:used":{"extendedexchange:stone_table":1,"mekanism:enrichment_chamber":2,"minecraft:dropper":1,"mekanism:ultimate_universal_cable":1,"minecraft:dispenser":2,"thermal:machine_bottler":1,"uncrafter:advanced_uncrafter":1,"minecraft:sand":1,"minecraft:dirt":2,"minecraft:crafting_table":1,"mekanism:creative_fluid_tank":5,"thermal:machine_chiller":2,"mekanismtools:diamond_paxel":138,"mekanism:osmium_compressor":1,"constructionwand:infinity_wand":187,"mekanism:metallurgic_infuser":1,"create:creative_motor":7,"minecraft:item_frame":3,"pipez:universal_pipe":1,"minecraft:bedrock":7563,"thermal:energy_cell":1,"minecraft:oak_sapling":3,"minecraft:furnace":1,"quark:oak_chest":4,"minecraft:white_concrete":485},"minecraft:crafted":{"thermal:cured_rubber":12,"thermal:iron_gear":1,"minecraft:oak_planks":40,"minecraft:crafting_table":1,"minecraft:iron_nugget":576,"minecraft:sand":33,"minecraft:furnace":1,"thermal:copper_gear":2,"minecraft:copper_ingot":10,"minecraft:sugar_cane":27,"minecraft:bucket":1,"reliquary:alkahestry_tome":7,"thermal:sulfur":9,"minecraft:air":0,"thermal:machine_frame":1,"minecraft:glass":3,"thermal:tin_gear":1,"thermal:machine_bottler":1,"minecraft:cobblestone":24,"quark:oak_chest":4,"minecraft:iron_ingot":48,"minecraft:gold_ingot":1,"thermal:tin_ingot":45,"thermal:rf_coil":2,"thermal:dynamo_stirling":1},"minecraft:mined":{"thermal:machine_chiller":1,"thermal:energy_cell":1,"mekanism:enrichment_chamber":1,"create:creative_motor":2,"minecraft:dropper":1,"minecraft:white_concrete":1,"mekanism:osmium_compressor":1,"mekanism:metallurgic_infuser":1,"pipez:universal_pipe":1,"mekanism:ultimate_universal_cable":1,"minecraft:oak_log":10,"minecraft:sand":1,"minecraft:dirt":1,"thermal:machine_bottler":1,"mekanism:creative_fluid_tank":1,"minecraft:dispenser":1,"minecraft:oak_leaves":113},"minecraft:custom":{"minecraft:interact_with_furnace":6,"minecraft:inspect_dropper":12,"minecraft:interact_with_crafting_table":26,"minecraft:leave_game":16,"minecraft:time_since_death":22868,"minecraft:time_since_rest":22892,"minecraft:sprint_one_cm":12769,"minecraft:damage_taken":240,"minecraft:walk_one_cm":39227,"minecraft:drop":6,"minecraft:use_wand":7967,"minecraft:fly_one_cm":29373,"minecraft:open_chest":61,"minecraft:crouch_one_cm":309,"minecraft:play_time":96296,"minecraft:deaths":1,"minecraft:sneak_time":890,"minecraft:jump":29,"minecraft:total_world_time":131865,"minecraft:fall_one_cm":209},"minecraft:dropped":{"minecraft:sugar_cane":3,"thermal:electrum_ingot":5,"minecraft:copper_ingot":2,"thermal:glowstone_bucket":1,"minecraft:stick":1,"minecraft:ice":1}},"DataVersion":2975}